--
-- PostgreSQL database dump
--

-- Dumped from database version 12.9 (Ubuntu 12.9-2.pgdg20.04+1)
-- Dumped by pg_dump version 12.9 (Ubuntu 12.9-2.pgdg20.04+1)

SET statement_timeout = 0;
SET lock_timeout = 0;
SET idle_in_transaction_session_timeout = 0;
SET client_encoding = 'UTF8';
SET standard_conforming_strings = on;
SELECT pg_catalog.set_config('search_path', '', false);
SET check_function_bodies = false;
SET xmloption = content;
SET client_min_messages = warning;
SET row_security = off;

DROP DATABASE universe;
--
-- Name: universe; Type: DATABASE; Schema: -; Owner: freecodecamp
--

CREATE DATABASE universe WITH TEMPLATE = template0 ENCODING = 'UTF8' LC_COLLATE = 'C.UTF-8' LC_CTYPE = 'C.UTF-8';


ALTER DATABASE universe OWNER TO freecodecamp;

\connect universe

SET statement_timeout = 0;
SET lock_timeout = 0;
SET idle_in_transaction_session_timeout = 0;
SET client_encoding = 'UTF8';
SET standard_conforming_strings = on;
SELECT pg_catalog.set_config('search_path', '', false);
SET check_function_bodies = false;
SET xmloption = content;
SET client_min_messages = warning;
SET row_security = off;

SET default_tablespace = '';

SET default_table_access_method = heap;

--
-- Name: discoverer; Type: TABLE; Schema: public; Owner: freecodecamp
--

CREATE TABLE public.discoverer (
    discoverer_id integer NOT NULL,
    name character varying(30) NOT NULL,
    birth_date date
);


ALTER TABLE public.discoverer OWNER TO freecodecamp;

--
-- Name: discoverer_discoverer_id_seq; Type: SEQUENCE; Schema: public; Owner: freecodecamp
--

CREATE SEQUENCE public.discoverer_discoverer_id_seq
    AS integer
    START WITH 1
    INCREMENT BY 1
    NO MINVALUE
    NO MAXVALUE
    CACHE 1;


ALTER TABLE public.discoverer_discoverer_id_seq OWNER TO freecodecamp;

--
-- Name: discoverer_discoverer_id_seq; Type: SEQUENCE OWNED BY; Schema: public; Owner: freecodecamp
--

ALTER SEQUENCE public.discoverer_discoverer_id_seq OWNED BY public.discoverer.discoverer_id;


--
-- Name: galaxy; Type: TABLE; Schema: public; Owner: freecodecamp
--

CREATE TABLE public.galaxy (
    galaxy_id integer NOT NULL,
    name character varying(30) NOT NULL,
    description text,
    galaxy_type character varying(30),
    age_in_million_of_years integer
);


ALTER TABLE public.galaxy OWNER TO freecodecamp;

--
-- Name: galaxy_galaxy_id_seq; Type: SEQUENCE; Schema: public; Owner: freecodecamp
--

CREATE SEQUENCE public.galaxy_galaxy_id_seq
    AS integer
    START WITH 1
    INCREMENT BY 1
    NO MINVALUE
    NO MAXVALUE
    CACHE 1;


ALTER TABLE public.galaxy_galaxy_id_seq OWNER TO freecodecamp;

--
-- Name: galaxy_galaxy_id_seq; Type: SEQUENCE OWNED BY; Schema: public; Owner: freecodecamp
--

ALTER SEQUENCE public.galaxy_galaxy_id_seq OWNED BY public.galaxy.galaxy_id;


--
-- Name: moon; Type: TABLE; Schema: public; Owner: freecodecamp
--

CREATE TABLE public.moon (
    moon_id integer NOT NULL,
    name character varying(30) NOT NULL,
    diameter_in_km integer,
    orbital_period_in_days integer,
    planet_id integer
);


ALTER TABLE public.moon OWNER TO freecodecamp;

--
-- Name: moon_moon_id_seq; Type: SEQUENCE; Schema: public; Owner: freecodecamp
--

CREATE SEQUENCE public.moon_moon_id_seq
    AS integer
    START WITH 1
    INCREMENT BY 1
    NO MINVALUE
    NO MAXVALUE
    CACHE 1;


ALTER TABLE public.moon_moon_id_seq OWNER TO freecodecamp;

--
-- Name: moon_moon_id_seq; Type: SEQUENCE OWNED BY; Schema: public; Owner: freecodecamp
--

ALTER SEQUENCE public.moon_moon_id_seq OWNED BY public.moon.moon_id;


--
-- Name: planet; Type: TABLE; Schema: public; Owner: freecodecamp
--

CREATE TABLE public.planet (
    planet_id integer NOT NULL,
    name character varying(30) NOT NULL,
    diameter_in_km integer,
    has_life boolean,
    star_id integer
);


ALTER TABLE public.planet OWNER TO freecodecamp;

--
-- Name: planet_planet_id_seq; Type: SEQUENCE; Schema: public; Owner: freecodecamp
--

CREATE SEQUENCE public.planet_planet_id_seq
    AS integer
    START WITH 1
    INCREMENT BY 1
    NO MINVALUE
    NO MAXVALUE
    CACHE 1;


ALTER TABLE public.planet_planet_id_seq OWNER TO freecodecamp;

--
-- Name: planet_planet_id_seq; Type: SEQUENCE OWNED BY; Schema: public; Owner: freecodecamp
--

ALTER SEQUENCE public.planet_planet_id_seq OWNED BY public.planet.planet_id;


--
-- Name: star; Type: TABLE; Schema: public; Owner: freecodecamp
--

CREATE TABLE public.star (
    star_id integer NOT NULL,
    name character varying(30) NOT NULL,
    galaxy_id integer,
    distance_in_ly numeric(5,1),
    is_spherical boolean
);


ALTER TABLE public.star OWNER TO freecodecamp;

--
-- Name: star_star_id_seq; Type: SEQUENCE; Schema: public; Owner: freecodecamp
--

CREATE SEQUENCE public.star_star_id_seq
    AS integer
    START WITH 1
    INCREMENT BY 1
    NO MINVALUE
    NO MAXVALUE
    CACHE 1;


ALTER TABLE public.star_star_id_seq OWNER TO freecodecamp;

--
-- Name: star_star_id_seq; Type: SEQUENCE OWNED BY; Schema: public; Owner: freecodecamp
--

ALTER SEQUENCE public.star_star_id_seq OWNED BY public.star.star_id;


--
-- Name: discoverer discoverer_id; Type: DEFAULT; Schema: public; Owner: freecodecamp
--

ALTER TABLE ONLY public.discoverer ALTER COLUMN discoverer_id SET DEFAULT nextval('public.discoverer_discoverer_id_seq'::regclass);


--
-- Name: galaxy galaxy_id; Type: DEFAULT; Schema: public; Owner: freecodecamp
--

ALTER TABLE ONLY public.galaxy ALTER COLUMN galaxy_id SET DEFAULT nextval('public.galaxy_galaxy_id_seq'::regclass);


--
-- Name: moon moon_id; Type: DEFAULT; Schema: public; Owner: freecodecamp
--

ALTER TABLE ONLY public.moon ALTER COLUMN moon_id SET DEFAULT nextval('public.moon_moon_id_seq'::regclass);


--
-- Name: planet planet_id; Type: DEFAULT; Schema: public; Owner: freecodecamp
--

ALTER TABLE ONLY public.planet ALTER COLUMN planet_id SET DEFAULT nextval('public.planet_planet_id_seq'::regclass);


--
-- Name: star star_id; Type: DEFAULT; Schema: public; Owner: freecodecamp
--

ALTER TABLE ONLY public.star ALTER COLUMN star_id SET DEFAULT nextval('public.star_star_id_seq'::regclass);


--
-- Data for Name: discoverer; Type: TABLE DATA; Schema: public; Owner: freecodecamp
--

INSERT INTO public.discoverer VALUES (1, 'Galileo Galilei', '1564-02-15');
INSERT INTO public.discoverer VALUES (2, 'Pythagoras', NULL);
INSERT INTO public.discoverer VALUES (35, 'William Herschel', '1738-11-15');


--
-- Data for Name: galaxy; Type: TABLE DATA; Schema: public; Owner: freecodecamp
--

INSERT INTO public.galaxy VALUES (2, 'Milky Way', 'The appearance from Earth of the galaxy', 'spiral', 13610);
INSERT INTO public.galaxy VALUES (1, 'Andromeda', 'Andromeda, which is shortened from "Andromeda Galaxy", gets its name from the area of the sky in which it appears, the constellation of Andromeda', 'barred spiral', 10000);
INSERT INTO public.galaxy VALUES (3, 'Eye of Sauron', 'Dubbed  by astronomers for its similarity to the eye of the malevolent character in "The Lord of The Rings', 'spiral', 13250);
INSERT INTO public.galaxy VALUES (4, 'Centaurus A', 'Galaxy in the constellation of Centaurus', 'elliptical', 13270);
INSERT INTO public.galaxy VALUES (5, 'Blue Compact Dwarf Galaxy', 'A small galaxy which contains large clusters of young, hot, massive stars', 'irregular', 13000);
INSERT INTO public.galaxy VALUES (6, 'Messier 105', 'An elliptical galaxy in constellation of Leo', 'elliptical', 13250);


--
-- Data for Name: moon; Type: TABLE DATA; Schema: public; Owner: freecodecamp
--

INSERT INTO public.moon VALUES (2, 'Titan', 5149, 16, 2);
INSERT INTO public.moon VALUES (3, 'Io', 3643, 2, 5);
INSERT INTO public.moon VALUES (4, 'Ganymede', 5268, 7, 5);
INSERT INTO public.moon VALUES (1, 'Moon', 3474, 27, 1);
INSERT INTO public.moon VALUES (5, 'Deimos', 12, 1, 4);
INSERT INTO public.moon VALUES (6, 'Miranda', 472, 1, 6);
INSERT INTO public.moon VALUES (7, 'Nix', 50, 25, 10);
INSERT INTO public.moon VALUES (9, 'Fenrir', 4, 1260, 2);
INSERT INTO public.moon VALUES (10, 'Aoede', 4, 761, 5);
INSERT INTO public.moon VALUES (11, 'Aegir', 6, 1026, 2);
INSERT INTO public.moon VALUES (12, 'Callisto', 4820, 17, 5);
INSERT INTO public.moon VALUES (13, 'Phobos', 23, 0, 4);
INSERT INTO public.moon VALUES (14, 'Ariel', 1157, 3, 6);
INSERT INTO public.moon VALUES (15, 'Triton', 2706, 6, 7);
INSERT INTO public.moon VALUES (16, 'Hydra', 51, 38, 10);
INSERT INTO public.moon VALUES (17, 'Kerberos', 34, 32, 10);
INSERT INTO public.moon VALUES (18, 'Europa', 3121, 3, 5);
INSERT INTO public.moon VALUES (19, 'Larissa', 194, 1, 7);
INSERT INTO public.moon VALUES (20, 'Hyperion', 270, 21, 2);
INSERT INTO public.moon VALUES (21, 'Cyllene', 2, 738, 5);


--
-- Data for Name: planet; Type: TABLE DATA; Schema: public; Owner: freecodecamp
--

INSERT INTO public.planet VALUES (1, 'Earth', 12742, true, 2);
INSERT INTO public.planet VALUES (2, 'Saturn', 116460, true, 2);
INSERT INTO public.planet VALUES (3, 'Mercury', 4879, false, 2);
INSERT INTO public.planet VALUES (4, 'Mars', 6779, false, 2);
INSERT INTO public.planet VALUES (5, 'Jupiter', 139820, false, 2);
INSERT INTO public.planet VALUES (6, 'Uranus', 50724, false, 2);
INSERT INTO public.planet VALUES (7, 'Neptune', 49244, false, 2);
INSERT INTO public.planet VALUES (8, 'Kepler-438b', 14271, false, 4);
INSERT INTO public.planet VALUES (9, 'Kepler-296e', 22299, false, 4);
INSERT INTO public.planet VALUES (10, 'Pluto', 2376, false, 2);
INSERT INTO public.planet VALUES (11, 'Venus', 12104, false, 2);
INSERT INTO public.planet VALUES (12, 'Gliese 667 Cc', 19623, false, 5);


--
-- Data for Name: star; Type: TABLE DATA; Schema: public; Owner: freecodecamp
--

INSERT INTO public.star VALUES (1, 'Alpheratz', 1, 96.9, true);
INSERT INTO public.star VALUES (2, 'Sun', 2, 0.0, true);
INSERT INTO public.star VALUES (3, 'Sauron Eye', 3, 235.0, false);
INSERT INTO public.star VALUES (5, 'Alpha Pictoris', 5, 97.0, true);
INSERT INTO public.star VALUES (6, 'Wolf 359', 6, 7.9, false);
INSERT INTO public.star VALUES (4, 'Alpha Centauri', 4, 4.2, false);


--
-- Name: discoverer_discoverer_id_seq; Type: SEQUENCE SET; Schema: public; Owner: freecodecamp
--

SELECT pg_catalog.setval('public.discoverer_discoverer_id_seq', 35, true);


--
-- Name: galaxy_galaxy_id_seq; Type: SEQUENCE SET; Schema: public; Owner: freecodecamp
--

SELECT pg_catalog.setval('public.galaxy_galaxy_id_seq', 6, true);


--
-- Name: moon_moon_id_seq; Type: SEQUENCE SET; Schema: public; Owner: freecodecamp
--

SELECT pg_catalog.setval('public.moon_moon_id_seq', 21, true);


--
-- Name: planet_planet_id_seq; Type: SEQUENCE SET; Schema: public; Owner: freecodecamp
--

SELECT pg_catalog.setval('public.planet_planet_id_seq', 12, true);


--
-- Name: star_star_id_seq; Type: SEQUENCE SET; Schema: public; Owner: freecodecamp
--

SELECT pg_catalog.setval('public.star_star_id_seq', 6, true);


--
-- Name: discoverer discoverer_name_key; Type: CONSTRAINT; Schema: public; Owner: freecodecamp
--

ALTER TABLE ONLY public.discoverer
    ADD CONSTRAINT discoverer_name_key UNIQUE (name);


--
-- Name: discoverer discoverer_pkey; Type: CONSTRAINT; Schema: public; Owner: freecodecamp
--

ALTER TABLE ONLY public.discoverer
    ADD CONSTRAINT discoverer_pkey PRIMARY KEY (discoverer_id);


--
-- Name: galaxy galaxy_name_key; Type: CONSTRAINT; Schema: public; Owner: freecodecamp
--

ALTER TABLE ONLY public.galaxy
    ADD CONSTRAINT galaxy_name_key UNIQUE (name);


--
-- Name: galaxy galaxy_pkey; Type: CONSTRAINT; Schema: public; Owner: freecodecamp
--

ALTER TABLE ONLY public.galaxy
    ADD CONSTRAINT galaxy_pkey PRIMARY KEY (galaxy_id);


--
-- Name: moon moon_name_key; Type: CONSTRAINT; Schema: public; Owner: freecodecamp
--

ALTER TABLE ONLY public.moon
    ADD CONSTRAINT moon_name_key UNIQUE (name);


--
-- Name: moon moon_pkey; Type: CONSTRAINT; Schema: public; Owner: freecodecamp
--

ALTER TABLE ONLY public.moon
    ADD CONSTRAINT moon_pkey PRIMARY KEY (moon_id);


--
-- Name: planet planet_name_key; Type: CONSTRAINT; Schema: public; Owner: freecodecamp
--

ALTER TABLE ONLY public.planet
    ADD CONSTRAINT planet_name_key UNIQUE (name);


--
-- Name: planet planet_pkey; Type: CONSTRAINT; Schema: public; Owner: freecodecamp
--

ALTER TABLE ONLY public.planet
    ADD CONSTRAINT planet_pkey PRIMARY KEY (planet_id);


--
-- Name: star star_name_key; Type: CONSTRAINT; Schema: public; Owner: freecodecamp
--

ALTER TABLE ONLY public.star
    ADD CONSTRAINT star_name_key UNIQUE (name);


--
-- Name: star star_pkey; Type: CONSTRAINT; Schema: public; Owner: freecodecamp
--

ALTER TABLE ONLY public.star
    ADD CONSTRAINT star_pkey PRIMARY KEY (star_id);


--
-- Name: moon planet_id; Type: FK CONSTRAINT; Schema: public; Owner: freecodecamp
--

ALTER TABLE ONLY public.moon
    ADD CONSTRAINT planet_id FOREIGN KEY (planet_id) REFERENCES public.planet(planet_id);


--
-- Name: star star_galaxy_id_fkey; Type: FK CONSTRAINT; Schema: public; Owner: freecodecamp
--

ALTER TABLE ONLY public.star
    ADD CONSTRAINT star_galaxy_id_fkey FOREIGN KEY (galaxy_id) REFERENCES public.galaxy(galaxy_id);


--
-- Name: planet star_id; Type: FK CONSTRAINT; Schema: public; Owner: freecodecamp
--

ALTER TABLE ONLY public.planet
    ADD CONSTRAINT star_id FOREIGN KEY (star_id) REFERENCES public.star(star_id);


--
-- PostgreSQL database dump complete
--

